episode,seed,friction,gravity,damping_scale,peak_tilt_deg,final_tilt_deg,min_contacts,min_fz,max_tau,safety_reason,return_code
1,42,0.909582,9.763327,1.014344,2.056014,0.290588,4,437.469914,61.741343,,0
2,43,0.860920,9.526265,0.980801,2.006959,0.283634,4,425.802620,60.090446,,0
3,44,0.649026,9.654868,0.996231,2.033120,0.287135,4,432.035626,60.976891,,0
4,45,0.829252,9.817095,1.010546,2.065207,0.291392,4,439.734803,62.144255,,0
5,46,0.962242,9.546336,0.990903,2.012342,0.284728,4,427.032369,60.212890,,0
6,47,0.896721,9.952201,0.998607,2.087790,0.293776,4,445.335840,63.180022,,0
7,48,0.755080,9.857464,1.000552,2.070872,0.291692,4,441.190423,62.465858,,0
8,49,0.745142,9.855930,0.995678,2.069752,0.291422,4,440.955310,62.467571,,0
9,50,0.914969,10.000202,1.001916,2.097094,0.295010,4,447.584508,63.526763,,0
10,51,0.976976,9.684283,0.990196,2.037486,0.287686,4,433.139461,61.227733,,0
