test,friction,gravity,damping,disturbance,result,peak_tilt_deg,recovery_time_s,min_contacts,min_support_fz_N,max_torque_Nm
quiet_standing,0.6,9.81,1.0,0.0,PASS,0.12,,8,,
quiet_standing,0.8,9.81,1.0,0.0,PASS,0.12,,8,,
quiet_standing,1.0,9.81,1.0,0.0,PASS,0.12,,8,,
quiet_standing,0.8,9.5,1.0,0.0,PASS,0.12,,8,,
quiet_standing,0.8,10.1,1.0,0.0,PASS,0.12,,8,,
quiet_standing,0.8,9.81,0.8,0.0,PASS,0.12,,8,,
quiet_standing,0.8,9.81,1.2,0.0,PASS,0.12,,8,,
disturbance,0.6,9.81,1.0,10.0,PASS,5.121,1.116,2,452.8,62.1
disturbance,0.8,9.81,1.0,10.0,PASS,5.121,1.116,2,452.8,62.1
disturbance,1.0,9.81,1.0,10.0,PASS,5.121,1.116,2,452.8,62.1
damping_boundary,0.8,9.81,0.98,10.0,PASS,5.142,1.114,2,452.4,62.2
damping_boundary,0.8,9.81,0.96,10.0,FAIL,34.881,,0,0.0,95.3
damping_boundary,0.8,9.81,0.95,10.0,FAIL,34.804,,2,216.1,62.3
damping_boundary,0.8,9.81,0.9,10.0,FAIL,32.7,,0,0.0,97.8
damping_boundary,0.8,9.81,0.8,10.0,FAIL,34.72,,2,367.2,64.9
combined_adverse,0.6,10.1,0.8,10.0,FAIL,34.72,,2,388.7,64.9
combined_adverse,0.8,10.1,0.8,10.0,FAIL,34.72,,2,388.7,64.9
combined_adverse,0.8,9.81,0.8,10.0,FAIL,34.75,,2,367.2,62.7
environment_only,0.6,10.1,0.8,0.0,PASS,2.075,0.504,4,461.9,64.9
